{"acc": 1.0, "loss": 0.015042131085617876, "_timestamp": 1707632403.634086, "_runtime": 4.695438861846924, "_step": 4999, "_wandb": {"runtime": 4}}