{"acc": 0.7278225806451613, "loss": 0.4916521562023305, "_timestamp": 1707635351.792162, "_runtime": 5.01209282875061, "_step": 3999, "_wandb": {"runtime": 3}}