{"acc": 1.0, "loss": 0.00963220095667848, "_timestamp": 1707631965.4340968, "_runtime": 5.708716869354248, "_step": 19999, "_wandb": {"runtime": 5}}