{"acc": 1.0, "loss": 0.00963220095667848, "_timestamp": 1707631854.2336798, "_runtime": 5.66867470741272, "_step": 19999, "_wandb": {"runtime": 5}}