{"acc": 1.0, "loss": 0.004406590125191225, "_timestamp": 1707590917.831393, "_runtime": 5.2184319496154785, "_step": 19, "_wandb": {"runtime": 4}}