{"acc": 0.6875, "loss": 0.4913665469823031, "_timestamp": 1707635447.3266501, "_runtime": 4.082386255264282, "_step": 999, "_wandb": {"runtime": 3}}