{"acc": 1.0, "loss": 0.02344731575312729, "_timestamp": 1707632458.689295, "_runtime": 4.882004976272583, "_step": 4999, "_wandb": {"runtime": 4}}