{"acc": 1.0, "loss": 0.00963220095667848, "_timestamp": 1707632483.045825, "_runtime": 5.126477003097534, "_step": 4999, "_wandb": {"runtime": 4}}