{"acc": 1.0, "loss": 0.021137088876183818, "_timestamp": 1707590980.150599, "_runtime": 26.1337730884552, "_step": 19, "_wandb": {"runtime": 4}}