{"acc": 1.0, "loss": 0.013799776487152735, "_timestamp": 1707632114.7347798, "_runtime": 4.5666139125823975, "_step": 4999, "_wandb": {"runtime": 4}}