{"acc": 1.0, "loss": 0.005220074642587203, "_timestamp": 1707590699.6206799, "_runtime": 5.442716836929321, "_step": 19, "_wandb": {"runtime": 4}}